raum_id;Raum;Sitzplätze;Equipment;raumtyp;barrierefrei;Gebaeude;Gelaende;Standort
325455767588021;50;60;NULL;Hörsaal;1;Haus 6B;Campus der FHVR;Hochschule für Wirtschaft und Recht Berlin (FB 3-5)
325456181561007;Z 6B 050;0;NULL;Seminarraum FB 2;1;Haus 6B;Campus Lichtenberg;Hochschule für Wirtschaft und Recht Berlin (FB 3-5)
325456249776018;Stadion;0;NULL;NULL;0;Stadion;Sportplatz;Sportgelände in Ruhleben
325456251959019;Sporthalle;0;NULL;NULL;0;Sporthalle;Sportplatz;Sportgelände in Ruhleben
325464171589019;ddd;0;NULL;NULL;0;Haus 6A;Campus Lichtenberg;Hochschule für Wirtschaft und Recht Berlin (FB 3-5)
325464557812003;6A 105;60;Beamer;Seminarraum FB 3 bis 5;1;Haus 6A;Campus Lichtenberg;Hochschule für Wirtschaft und Recht Berlin (FB 3-5)
325464557812003;6A 105;60;Doppeltische;Seminarraum FB 3 bis 5;1;Haus 6A;Campus Lichtenberg;Hochschule für Wirtschaft und Recht Berlin (FB 3-5)
325464557812003;6A 105;60;OH-Projektor;Seminarraum FB 3 bis 5;1;Haus 6A;Campus Lichtenberg;Hochschule für Wirtschaft und Recht Berlin (FB 3-5)
325464557812003;6A 105;60;Tafel;Seminarraum FB 3 bis 5;1;Haus 6A;Campus Lichtenberg;Hochschule für Wirtschaft und Recht Berlin (FB 3-5)
325464581239006;6A 324;60;Beamer;Seminarraum FB 3 bis 5;1;Haus 6A;Campus Lichtenberg;Hochschule für Wirtschaft und Recht Berlin (FB 3-5)
325464581239006;6A 324;60;OH-Projektor;Seminarraum FB 3 bis 5;1;Haus 6A;Campus Lichtenberg;Hochschule für Wirtschaft und Recht Berlin (FB 3-5)
325464581239006;6A 324;60;Tafel;Seminarraum FB 3 bis 5;1;Haus 6A;Campus Lichtenberg;Hochschule für Wirtschaft und Recht Berlin (FB 3-5)
325464590857007;Z 6B 056;0;Beamer;Seminarraum FB 2;1;Haus 6B;Campus Lichtenberg;Hochschule für Wirtschaft und Recht Berlin (FB 3-5)
325464590857007;Z 6B 056;0;Doppeltische;Seminarraum FB 2;1;Haus 6B;Campus Lichtenberg;Hochschule für Wirtschaft und Recht Berlin (FB 3-5)
325464590857007;Z 6B 056;0;OH-Projektor;Seminarraum FB 2;1;Haus 6B;Campus Lichtenberg;Hochschule für Wirtschaft und Recht Berlin (FB 3-5)
325464590857007;Z 6B 056;0;Tafel;Seminarraum FB 2;1;Haus 6B;Campus Lichtenberg;Hochschule für Wirtschaft und Recht Berlin (FB 3-5)
325464604857011;Z 6B 151;0;OH-Projektor;Seminarraum FB 2;1;Haus 6B;Campus Lichtenberg;Hochschule für Wirtschaft und Recht Berlin (FB 3-5)
325464604857011;Z 6B 151;0;Tafel;Seminarraum FB 2;1;Haus 6B;Campus Lichtenberg;Hochschule für Wirtschaft und Recht Berlin (FB 3-5)
325464633304014;Z 6B 152;0;NULL;Seminarraum FB 2;0;Haus 6B;Campus Lichtenberg;Hochschule für Wirtschaft und Recht Berlin (FB 3-5)
325464642632015;Z 6B 153;50;Beamer;Hörsaal;1;Haus 6B;Campus Lichtenberg;Hochschule für Wirtschaft und Recht Berlin (FB 3-5)
325464642632015;Z 6B 153;50;OH-Projektor;Hörsaal;1;Haus 6B;Campus Lichtenberg;Hochschule für Wirtschaft und Recht Berlin (FB 3-5)
325464642632015;Z 6B 153;50;Tafel;Hörsaal;1;Haus 6B;Campus Lichtenberg;Hochschule für Wirtschaft und Recht Berlin (FB 3-5)
325464654302018;Z 6B 154;0;NULL;Seminarraum FB 2;1;Haus 6B;Campus Lichtenberg;Hochschule für Wirtschaft und Recht Berlin (FB 3-5)
325464662238019;Z 6B 155;0;NULL;Seminarraum FB 2;0;Haus 6B;Campus Lichtenberg;Hochschule für Wirtschaft und Recht Berlin (FB 3-5)
325464668266022;Z 6B 156;0;NULL;Seminarraum FB 2;1;Haus 6B;Campus Lichtenberg;Hochschule für Wirtschaft und Recht Berlin (FB 3-5)
325464676773023;157;40;NULL;Hörsaal;0;Haus 1;Campus Lichtenberg;Hochschule für Wirtschaft und Recht Berlin (FB 3-5)
325464954103024;Z 6B 158;60;Beamer;Seminarraum FB 2;1;Haus 6B;Campus Lichtenberg;Hochschule für Wirtschaft und Recht Berlin (FB 3-5)
325464954103024;Z 6B 158;60;OH-Projektor;Seminarraum FB 2;1;Haus 6B;Campus Lichtenberg;Hochschule für Wirtschaft und Recht Berlin (FB 3-5)
325464954103024;Z 6B 158;60;Tafel;Seminarraum FB 2;1;Haus 6B;Campus Lichtenberg;Hochschule für Wirtschaft und Recht Berlin (FB 3-5)
325464959160027;6B 170 B;40;Beamer;Hörsaal;0;Haus 6B;Campus Lichtenberg;Hochschule für Wirtschaft und Recht Berlin (FB 3-5)
325464959160027;6B 170 B;40;OH-Projektor;Hörsaal;0;Haus 6B;Campus Lichtenberg;Hochschule für Wirtschaft und Recht Berlin (FB 3-5)
325464959160027;6B 170 B;40;Tafel;Hörsaal;0;Haus 6B;Campus Lichtenberg;Hochschule für Wirtschaft und Recht Berlin (FB 3-5)
325464964605028;Z 6B 171;0;NULL;Hörsaal;0;Haus 6B;Campus Lichtenberg;Hochschule für Wirtschaft und Recht Berlin (FB 3-5)
325464970501031;1.2075 Berl. Zimmer;0;NULL;Sitzungsraum;0;Haus 1;Campus Lichtenberg;Hochschule für Wirtschaft und Recht Berlin (FB 3-5)
325465074128033;Z 6B 157;0;NULL;Seminarraum FB 2;1;Haus 6B;Campus Lichtenberg;Hochschule für Wirtschaft und Recht Berlin (FB 3-5)
325465081293034;Z 6B 172;0;NULL;Hörsaal;0;Haus 6B;Campus Lichtenberg;Hochschule für Wirtschaft und Recht Berlin (FB 3-5)
325465493687039;1.1055.1 Audi-Max vorn;500;NULL;Festsaal;1;Haus 1;Campus Lichtenberg;Hochschule für Wirtschaft und Recht Berlin (FB 3-5)
325465512723040;1.1055.2 Audi-Max hinten;400;NULL;Festsaal;1;Haus 1;Campus Lichtenberg;Hochschule für Wirtschaft und Recht Berlin (FB 3-5)
325474141374009;Labor Pool 3;20;NULL;IT-Raum;0;FHTW Hauptgebäude;FHTW Treskowallee;Hochschule für Technik und Wirtschaft Berlin
325474151756010;HG 236;20;NULL;IT-Raum;0;FHTW Hauptgebäude;FHTW Treskowallee;Hochschule für Technik und Wirtschaft Berlin
325474164373011;Labor Pool 4;20;NULL;IT-Raum;0;FHTW Hauptgebäude;FHTW Treskowallee;Hochschule für Technik und Wirtschaft Berlin
325474386197002;Haus 1 2064;0;NULL;Sitzungsraum;0;Haus 1;Campus Lichtenberg;Hochschule für Wirtschaft und Recht Berlin (FB 3-5)
325474394170003;Z 6B 173;50;Beamer;Seminarraum FB 2;0;Haus 6B;Campus Lichtenberg;Hochschule für Wirtschaft und Recht Berlin (FB 3-5)
325474400204006;Z 6B 174;30;NULL;Hörsaal;0;Haus 6B;Campus Lichtenberg;Hochschule für Wirtschaft und Recht Berlin (FB 3-5)
325474404158007;Z 6B 350;40;OH-Projektor;Seminarraum FB 2;1;Haus 6B;Campus Lichtenberg;Hochschule für Wirtschaft und Recht Berlin (FB 3-5)
325474404158007;Z 6B 350;40;Tafel;Seminarraum FB 2;1;Haus 6B;Campus Lichtenberg;Hochschule für Wirtschaft und Recht Berlin (FB 3-5)
325474408452008;Z 6B 351;27;OH-Projektor;Seminarraum FB 2;1;Bibliothek;Campus Lichtenberg;Hochschule für Wirtschaft und Recht Berlin (FB 3-5)
325474408452008;Z 6B 351;27;Tafel;Seminarraum FB 2;1;Bibliothek;Campus Lichtenberg;Hochschule für Wirtschaft und Recht Berlin (FB 3-5)
325474412616009;6B 370;0;OH-Projektor;Hörsaal;0;Bibliothek;Campus Lichtenberg;Hochschule für Wirtschaft und Recht Berlin (FB 3-5)
325474412616009;6B 370;0;Tafel;Hörsaal;0;Bibliothek;Campus Lichtenberg;Hochschule für Wirtschaft und Recht Berlin (FB 3-5)
325474416654010;Z 6B 374;50;NULL;Seminarraum FB 2;1;Haus 6B;Campus Lichtenberg;Hochschule für Wirtschaft und Recht Berlin (FB 3-5)
325534439125006;6B 251/252;96;Beamer;Seminarraum FB 3 bis 5;1;Haus 6B;Campus Lichtenberg;Hochschule für Wirtschaft und Recht Berlin (FB 3-5)
325534439125006;6B 251/252;96;Doppeltische;Seminarraum FB 3 bis 5;1;Haus 6B;Campus Lichtenberg;Hochschule für Wirtschaft und Recht Berlin (FB 3-5)
325534439125006;6B 251/252;96;OH-Projektor;Seminarraum FB 3 bis 5;1;Haus 6B;Campus Lichtenberg;Hochschule für Wirtschaft und Recht Berlin (FB 3-5)
325534439125006;6B 251/252;96;Tafel;Seminarraum FB 3 bis 5;1;Haus 6B;Campus Lichtenberg;Hochschule für Wirtschaft und Recht Berlin (FB 3-5)
325553865393000;6B 277/278  +V;100;Beamer;Seminarraum FB 3 bis 5;1;Haus 6B;Campus Lichtenberg;Hochschule für Wirtschaft und Recht Berlin (FB 3-5)
325553865393000;6B 277/278  +V;100;Doppeltische;Seminarraum FB 3 bis 5;1;Haus 6B;Campus Lichtenberg;Hochschule für Wirtschaft und Recht Berlin (FB 3-5)
325553865393000;6B 277/278  +V;100;OH-Projektor;Seminarraum FB 3 bis 5;1;Haus 6B;Campus Lichtenberg;Hochschule für Wirtschaft und Recht Berlin (FB 3-5)
325553865393000;6B 277/278  +V;100;Tafel;Seminarraum FB 3 bis 5;1;Haus 6B;Campus Lichtenberg;Hochschule für Wirtschaft und Recht Berlin (FB 3-5)
325553865393000;6B 277/278  +V;100;PC-Arbeitsplätze;Seminarraum FB 3 bis 5;1;Haus 6B;Campus Lichtenberg;Hochschule für Wirtschaft und Recht Berlin (FB 3-5)
325553885680002;Z 6B 450;40;Doppeltische;Seminarraum FB 2;1;Haus 6B;Campus Lichtenberg;Hochschule für Wirtschaft und Recht Berlin (FB 3-5)
325553885680002;Z 6B 450;40;OH-Projektor;Seminarraum FB 2;1;Haus 6B;Campus Lichtenberg;Hochschule für Wirtschaft und Recht Berlin (FB 3-5)
325553885680002;Z 6B 450;40;Tafel;Seminarraum FB 2;1;Haus 6B;Campus Lichtenberg;Hochschule für Wirtschaft und Recht Berlin (FB 3-5)
325553889666003;Z 6B 451;44;Doppeltische;Seminarraum FB 2;0;Haus 6B;Campus Lichtenberg;Hochschule für Wirtschaft und Recht Berlin (FB 3-5)
325553889666003;Z 6B 451;44;OH-Projektor;Seminarraum FB 2;0;Haus 6B;Campus Lichtenberg;Hochschule für Wirtschaft und Recht Berlin (FB 3-5)
325553889666003;Z 6B 451;44;Tafel;Seminarraum FB 2;0;Haus 6B;Campus Lichtenberg;Hochschule für Wirtschaft und Recht Berlin (FB 3-5)
325553894566004;Z 6B 463;40;Doppeltische;Seminarraum FB 2;1;Haus 6B;Campus Lichtenberg;Hochschule für Wirtschaft und Recht Berlin (FB 3-5)
325553894566004;Z 6B 463;40;OH-Projektor;Seminarraum FB 2;1;Haus 6B;Campus Lichtenberg;Hochschule für Wirtschaft und Recht Berlin (FB 3-5)
325553894566004;Z 6B 463;40;Tafel;Seminarraum FB 2;1;Haus 6B;Campus Lichtenberg;Hochschule für Wirtschaft und Recht Berlin (FB 3-5)
325553897491005;Z 6B 464;40;Doppeltische;Seminarraum FB 2;1;Haus 6B;Campus Lichtenberg;Hochschule für Wirtschaft und Recht Berlin (FB 3-5)
325553897491005;Z 6B 464;40;OH-Projektor;Seminarraum FB 2;1;Haus 6B;Campus Lichtenberg;Hochschule für Wirtschaft und Recht Berlin (FB 3-5)
325553897491005;Z 6B 464;40;Tafel;Seminarraum FB 2;1;Haus 6B;Campus Lichtenberg;Hochschule für Wirtschaft und Recht Berlin (FB 3-5)
325553901885006;Z 6B 465;36;Doppeltische;Seminarraum FB 2;0;Haus 6B;Campus Lichtenberg;Hochschule für Wirtschaft und Recht Berlin (FB 3-5)
325553901885006;Z 6B 465;36;OH-Projektor;Seminarraum FB 2;0;Haus 6B;Campus Lichtenberg;Hochschule für Wirtschaft und Recht Berlin (FB 3-5)
325553901885006;Z 6B 465;36;Tafel;Seminarraum FB 2;0;Haus 6B;Campus Lichtenberg;Hochschule für Wirtschaft und Recht Berlin (FB 3-5)
325553905224007;Z 6B 467;40;Doppeltische;Seminarraum FB 2;1;Haus 6B;Campus Lichtenberg;Hochschule für Wirtschaft und Recht Berlin (FB 3-5)
325553905224007;Z 6B 467;40;OH-Projektor;Seminarraum FB 2;1;Haus 6B;Campus Lichtenberg;Hochschule für Wirtschaft und Recht Berlin (FB 3-5)
325553905224007;Z 6B 467;40;Tafel;Seminarraum FB 2;1;Haus 6B;Campus Lichtenberg;Hochschule für Wirtschaft und Recht Berlin (FB 3-5)
325604278707037;6A 123;20;Beamer;IT-Raum;0;Haus 6A;Campus Lichtenberg;Hochschule für Wirtschaft und Recht Berlin (FB 3-5)
325604278707037;6A 123;20;Smart-Board;IT-Raum;0;Haus 6A;Campus Lichtenberg;Hochschule für Wirtschaft und Recht Berlin (FB 3-5)
325604278707037;6A 123;20;SPSS;IT-Raum;0;Haus 6A;Campus Lichtenberg;Hochschule für Wirtschaft und Recht Berlin (FB 3-5)
325604278707037;6A 123;20;PC-Arbeitsplätze;IT-Raum;0;Haus 6A;Campus Lichtenberg;Hochschule für Wirtschaft und Recht Berlin (FB 3-5)
325604470560038;6A 126;20;Beamer;IT-Raum;0;Haus 6A;Campus Lichtenberg;Hochschule für Wirtschaft und Recht Berlin (FB 3-5)
325604470560038;6A 126;20;outlook;IT-Raum;0;Haus 6A;Campus Lichtenberg;Hochschule für Wirtschaft und Recht Berlin (FB 3-5)
325604470560038;6A 126;20;PC-Arbeitsplätze;IT-Raum;0;Haus 6A;Campus Lichtenberg;Hochschule für Wirtschaft und Recht Berlin (FB 3-5)
325604473430039;6A 129;20;Beamer;IT-Raum;0;Haus 6A;Campus Lichtenberg;Hochschule für Wirtschaft und Recht Berlin (FB 3-5)
325604473430039;6A 129;20;Tafel;IT-Raum;0;Haus 6A;Campus Lichtenberg;Hochschule für Wirtschaft und Recht Berlin (FB 3-5)
325604473430039;6A 129;20;spezielle IT-Ausstattung;IT-Raum;0;Haus 6A;Campus Lichtenberg;Hochschule für Wirtschaft und Recht Berlin (FB 3-5)
325604473430039;6A 129;20;SPSS;IT-Raum;0;Haus 6A;Campus Lichtenberg;Hochschule für Wirtschaft und Recht Berlin (FB 3-5)
325604473430039;6A 129;20;outlook;IT-Raum;0;Haus 6A;Campus Lichtenberg;Hochschule für Wirtschaft und Recht Berlin (FB 3-5)
325604473430039;6A 129;20;PC-Arbeitsplätze;IT-Raum;0;Haus 6A;Campus Lichtenberg;Hochschule für Wirtschaft und Recht Berlin (FB 3-5)
325604483579040;Z 6B 052;49;Beamer;Seminarraum FB 2;1;Haus 6B;Campus Lichtenberg;Hochschule für Wirtschaft und Recht Berlin (FB 3-5)
325604483579040;Z 6B 052;49;Einzeltische;Seminarraum FB 2;1;Haus 6B;Campus Lichtenberg;Hochschule für Wirtschaft und Recht Berlin (FB 3-5)
325604483579040;Z 6B 052;49;OH-Projektor;Seminarraum FB 2;1;Haus 6B;Campus Lichtenberg;Hochschule für Wirtschaft und Recht Berlin (FB 3-5)
325604483579040;Z 6B 052;49;Tafel;Seminarraum FB 2;1;Haus 6B;Campus Lichtenberg;Hochschule für Wirtschaft und Recht Berlin (FB 3-5)
325604489761043;Z 6B 055;0;Beamer;Seminarraum FB 2;1;Haus 6B;Campus Lichtenberg;Hochschule für Wirtschaft und Recht Berlin (FB 3-5)
325604489761043;Z 6B 055;0;Doppeltische;Seminarraum FB 2;1;Haus 6B;Campus Lichtenberg;Hochschule für Wirtschaft und Recht Berlin (FB 3-5)
325604489761043;Z 6B 055;0;OH-Projektor;Seminarraum FB 2;1;Haus 6B;Campus Lichtenberg;Hochschule für Wirtschaft und Recht Berlin (FB 3-5)
325604489761043;Z 6B 055;0;Tafel;Seminarraum FB 2;1;Haus 6B;Campus Lichtenberg;Hochschule für Wirtschaft und Recht Berlin (FB 3-5)
325604498155050;6B 061 KTE;30;Beamer;Seminarraum FB 3 bis 5;1;Haus 6B;Campus Lichtenberg;Hochschule für Wirtschaft und Recht Berlin (FB 3-5)
325604506497051;6B 063 EL;60;Beamer;Seminarraum FB 3 bis 5;1;Haus 6B;Campus Lichtenberg;Hochschule für Wirtschaft und Recht Berlin (FB 3-5)
325604506497051;6B 063 EL;60;OH-Projektor;Seminarraum FB 3 bis 5;1;Haus 6B;Campus Lichtenberg;Hochschule für Wirtschaft und Recht Berlin (FB 3-5)
325604513970052;6B 064;58;Beamer;Seminarraum FB 3 bis 5;1;Haus 6B;Campus Lichtenberg;Hochschule für Wirtschaft und Recht Berlin (FB 3-5)
325604513970052;6B 064;58;Doppeltische;Seminarraum FB 3 bis 5;1;Haus 6B;Campus Lichtenberg;Hochschule für Wirtschaft und Recht Berlin (FB 3-5)
325604513970052;6B 064;58;OH-Projektor;Seminarraum FB 3 bis 5;1;Haus 6B;Campus Lichtenberg;Hochschule für Wirtschaft und Recht Berlin (FB 3-5)
325604513970052;6B 064;58;Tafel;Seminarraum FB 3 bis 5;1;Haus 6B;Campus Lichtenberg;Hochschule für Wirtschaft und Recht Berlin (FB 3-5)
325604519073053;Z 6B 175;30;Beamer;Seminarraum FB 2;1;Haus 6B;Campus Lichtenberg;Hochschule für Wirtschaft und Recht Berlin (FB 3-5)
325604519073053;Z 6B 175;30;Doppeltische;Seminarraum FB 2;1;Haus 6B;Campus Lichtenberg;Hochschule für Wirtschaft und Recht Berlin (FB 3-5)
325604519073053;Z 6B 175;30;OH-Projektor;Seminarraum FB 2;1;Haus 6B;Campus Lichtenberg;Hochschule für Wirtschaft und Recht Berlin (FB 3-5)
325604519073053;Z 6B 175;30;Tafel;Seminarraum FB 2;1;Haus 6B;Campus Lichtenberg;Hochschule für Wirtschaft und Recht Berlin (FB 3-5)
325604525229054;6B 250 DVD + V;40;Doppeltische;Seminarraum FB 3 bis 5;0;Haus 6B;Campus Lichtenberg;Hochschule für Wirtschaft und Recht Berlin (FB 3-5)
325604525229054;6B 250 DVD + V;40;OH-Projektor;Seminarraum FB 3 bis 5;0;Haus 6B;Campus Lichtenberg;Hochschule für Wirtschaft und Recht Berlin (FB 3-5)
325604525229054;6B 250 DVD + V;40;Tafel;Seminarraum FB 3 bis 5;0;Haus 6B;Campus Lichtenberg;Hochschule für Wirtschaft und Recht Berlin (FB 3-5)
325604534021055;6B 254;40;Beamer;Seminarraum FB 3 bis 5;1;Haus 6B;Campus Lichtenberg;Hochschule für Wirtschaft und Recht Berlin (FB 3-5)
325604534021055;6B 254;40;Einzeltische;Seminarraum FB 3 bis 5;1;Haus 6B;Campus Lichtenberg;Hochschule für Wirtschaft und Recht Berlin (FB 3-5)
325604534021055;6B 254;40;OH-Projektor;Seminarraum FB 3 bis 5;1;Haus 6B;Campus Lichtenberg;Hochschule für Wirtschaft und Recht Berlin (FB 3-5)
325604534021055;6B 254;40;Tafel;Seminarraum FB 3 bis 5;1;Haus 6B;Campus Lichtenberg;Hochschule für Wirtschaft und Recht Berlin (FB 3-5)
325604538836056;6B 255;30;Beamer;Seminarraum FB 3 bis 5;1;Haus 6B;Campus Lichtenberg;Hochschule für Wirtschaft und Recht Berlin (FB 3-5)
325604538836056;6B 255;30;Einzeltische;Seminarraum FB 3 bis 5;1;Haus 6B;Campus Lichtenberg;Hochschule für Wirtschaft und Recht Berlin (FB 3-5)
325604538836056;6B 255;30;OH-Projektor;Seminarraum FB 3 bis 5;1;Haus 6B;Campus Lichtenberg;Hochschule für Wirtschaft und Recht Berlin (FB 3-5)
325604538836056;6B 255;30;Tafel;Seminarraum FB 3 bis 5;1;Haus 6B;Campus Lichtenberg;Hochschule für Wirtschaft und Recht Berlin (FB 3-5)
325604543039057;6B 256;40;Beamer;Seminarraum FB 3 bis 5;0;Haus 6B;Campus Lichtenberg;Hochschule für Wirtschaft und Recht Berlin (FB 3-5)
325604543039057;6B 256;40;Einzeltische;Seminarraum FB 3 bis 5;0;Haus 6B;Campus Lichtenberg;Hochschule für Wirtschaft und Recht Berlin (FB 3-5)
325604543039057;6B 256;40;OH-Projektor;Seminarraum FB 3 bis 5;0;Haus 6B;Campus Lichtenberg;Hochschule für Wirtschaft und Recht Berlin (FB 3-5)
325604543039057;6B 256;40;Tafel;Seminarraum FB 3 bis 5;0;Haus 6B;Campus Lichtenberg;Hochschule für Wirtschaft und Recht Berlin (FB 3-5)
325604547119058;6B 257;40;Beamer;Seminarraum FB 3 bis 5;1;Haus 6B;Campus Lichtenberg;Hochschule für Wirtschaft und Recht Berlin (FB 3-5)
325604547119058;6B 257;40;Doppeltische;Seminarraum FB 3 bis 5;1;Haus 6B;Campus Lichtenberg;Hochschule für Wirtschaft und Recht Berlin (FB 3-5)
325604547119058;6B 257;40;OH-Projektor;Seminarraum FB 3 bis 5;1;Haus 6B;Campus Lichtenberg;Hochschule für Wirtschaft und Recht Berlin (FB 3-5)
325604547119058;6B 257;40;Tafel;Seminarraum FB 3 bis 5;1;Haus 6B;Campus Lichtenberg;Hochschule für Wirtschaft und Recht Berlin (FB 3-5)
325604557484059;Z 6B 258;30;Beamer;Seminarraum FB 3 bis 5;1;Haus 6B;Campus Lichtenberg;Hochschule für Wirtschaft und Recht Berlin (FB 3-5)
325604557484059;Z 6B 258;30;Doppeltische;Seminarraum FB 3 bis 5;1;Haus 6B;Campus Lichtenberg;Hochschule für Wirtschaft und Recht Berlin (FB 3-5)
325604557484059;Z 6B 258;30;OH-Projektor;Seminarraum FB 3 bis 5;1;Haus 6B;Campus Lichtenberg;Hochschule für Wirtschaft und Recht Berlin (FB 3-5)
325604557484059;Z 6B 258;30;Tafel;Seminarraum FB 3 bis 5;1;Haus 6B;Campus Lichtenberg;Hochschule für Wirtschaft und Recht Berlin (FB 3-5)
325604561622060;6B 259;92;Beamer;Seminarraum FB 3 bis 5;1;Haus 6B;Campus Lichtenberg;Hochschule für Wirtschaft und Recht Berlin (FB 3-5)
325604561622060;6B 259;92;Doppeltische;Seminarraum FB 3 bis 5;1;Haus 6B;Campus Lichtenberg;Hochschule für Wirtschaft und Recht Berlin (FB 3-5)
325604561622060;6B 259;92;OH-Projektor;Seminarraum FB 3 bis 5;1;Haus 6B;Campus Lichtenberg;Hochschule für Wirtschaft und Recht Berlin (FB 3-5)
325604561622060;6B 259;92;Tafel;Seminarraum FB 3 bis 5;1;Haus 6B;Campus Lichtenberg;Hochschule für Wirtschaft und Recht Berlin (FB 3-5)
325604566213061;6B 271;22;Beamer;Seminarraum FB 3 bis 5;0;Haus 6B;Campus Lichtenberg;Hochschule für Wirtschaft und Recht Berlin (FB 3-5)
325604566213061;6B 271;22;Einzeltische;Seminarraum FB 3 bis 5;0;Haus 6B;Campus Lichtenberg;Hochschule für Wirtschaft und Recht Berlin (FB 3-5)
325604566213061;6B 271;22;OH-Projektor;Seminarraum FB 3 bis 5;0;Haus 6B;Campus Lichtenberg;Hochschule für Wirtschaft und Recht Berlin (FB 3-5)
325604566213061;6B 271;22;Tafel;Seminarraum FB 3 bis 5;0;Haus 6B;Campus Lichtenberg;Hochschule für Wirtschaft und Recht Berlin (FB 3-5)
325604570323062;6B 272;36;Beamer;Seminarraum FB 3 bis 5;1;Haus 6B;Campus Lichtenberg;Hochschule für Wirtschaft und Recht Berlin (FB 3-5)
325604570323062;6B 272;36;Einzeltische;Seminarraum FB 3 bis 5;1;Haus 6B;Campus Lichtenberg;Hochschule für Wirtschaft und Recht Berlin (FB 3-5)
325604570323062;6B 272;36;OH-Projektor;Seminarraum FB 3 bis 5;1;Haus 6B;Campus Lichtenberg;Hochschule für Wirtschaft und Recht Berlin (FB 3-5)
325604570323062;6B 272;36;Smart-Board;Seminarraum FB 3 bis 5;1;Haus 6B;Campus Lichtenberg;Hochschule für Wirtschaft und Recht Berlin (FB 3-5)
325604577141063;6B 273;40;Beamer;Seminarraum FB 3 bis 5;1;Haus 6B;Campus Lichtenberg;Hochschule für Wirtschaft und Recht Berlin (FB 3-5)
325604577141063;6B 273;40;Einzeltische;Seminarraum FB 3 bis 5;1;Haus 6B;Campus Lichtenberg;Hochschule für Wirtschaft und Recht Berlin (FB 3-5)
325604577141063;6B 273;40;OH-Projektor;Seminarraum FB 3 bis 5;1;Haus 6B;Campus Lichtenberg;Hochschule für Wirtschaft und Recht Berlin (FB 3-5)
325604577141063;6B 273;40;Tafel;Seminarraum FB 3 bis 5;1;Haus 6B;Campus Lichtenberg;Hochschule für Wirtschaft und Recht Berlin (FB 3-5)
325664240216000;6B 275;55;Beamer;Seminarraum FB 3 bis 5;1;Haus 6B;Campus Lichtenberg;Hochschule für Wirtschaft und Recht Berlin (FB 3-5)
325664240216000;6B 275;55;Einzeltische;Seminarraum FB 3 bis 5;1;Haus 6B;Campus Lichtenberg;Hochschule für Wirtschaft und Recht Berlin (FB 3-5)
325664240216000;6B 275;55;OH-Projektor;Seminarraum FB 3 bis 5;1;Haus 6B;Campus Lichtenberg;Hochschule für Wirtschaft und Recht Berlin (FB 3-5)
325664240216000;6B 275;55;Tafel;Seminarraum FB 3 bis 5;1;Haus 6B;Campus Lichtenberg;Hochschule für Wirtschaft und Recht Berlin (FB 3-5)
325664288915004;Z 6B 352;30;Einzeltische;Seminarraum FB 2;1;Haus 6B;Campus Lichtenberg;Hochschule für Wirtschaft und Recht Berlin (FB 3-5)
325664288915004;Z 6B 352;30;OH-Projektor;Seminarraum FB 2;1;Haus 6B;Campus Lichtenberg;Hochschule für Wirtschaft und Recht Berlin (FB 3-5)
325664288915004;Z 6B 352;30;Tafel;Seminarraum FB 2;1;Haus 6B;Campus Lichtenberg;Hochschule für Wirtschaft und Recht Berlin (FB 3-5)
325664325827005;Z 6B 353;40;Einzeltische;Seminarraum FB 2;1;Haus 6B;Campus Lichtenberg;Hochschule für Wirtschaft und Recht Berlin (FB 3-5)
325664325827005;Z 6B 353;40;OH-Projektor;Seminarraum FB 2;1;Haus 6B;Campus Lichtenberg;Hochschule für Wirtschaft und Recht Berlin (FB 3-5)
325664325827005;Z 6B 353;40;Tafel;Seminarraum FB 2;1;Haus 6B;Campus Lichtenberg;Hochschule für Wirtschaft und Recht Berlin (FB 3-5)
325664338601007;Z 6B 354;30;Einzeltische;Seminarraum FB 2;0;Haus 6B;Campus Lichtenberg;Hochschule für Wirtschaft und Recht Berlin (FB 3-5)
325664338601007;Z 6B 354;30;OH-Projektor;Seminarraum FB 2;0;Haus 6B;Campus Lichtenberg;Hochschule für Wirtschaft und Recht Berlin (FB 3-5)
325664338601007;Z 6B 354;30;Tafel;Seminarraum FB 2;0;Haus 6B;Campus Lichtenberg;Hochschule für Wirtschaft und Recht Berlin (FB 3-5)
325664347377008;Z 6B 355;0;Einzeltische;Seminarraum FB 2;0;Haus 6B;Campus Lichtenberg;Hochschule für Wirtschaft und Recht Berlin (FB 3-5)
325664347377008;Z 6B 355;0;OH-Projektor;Seminarraum FB 2;0;Haus 6B;Campus Lichtenberg;Hochschule für Wirtschaft und Recht Berlin (FB 3-5)
325664347377008;Z 6B 355;0;Tafel;Seminarraum FB 2;0;Haus 6B;Campus Lichtenberg;Hochschule für Wirtschaft und Recht Berlin (FB 3-5)
325664413011009;Z 6B 356;0;Einzeltische;Seminarraum FB 2;0;Haus 6B;Campus Lichtenberg;Hochschule für Wirtschaft und Recht Berlin (FB 3-5)
325664413011009;Z 6B 356;0;OH-Projektor;Seminarraum FB 2;0;Haus 6B;Campus Lichtenberg;Hochschule für Wirtschaft und Recht Berlin (FB 3-5)
325664413011009;Z 6B 356;0;Tafel;Seminarraum FB 2;0;Haus 6B;Campus Lichtenberg;Hochschule für Wirtschaft und Recht Berlin (FB 3-5)
325664422545010;Z 6B 357;30;Doppeltische;Seminarraum FB 2;0;Haus 6B;Campus Lichtenberg;Hochschule für Wirtschaft und Recht Berlin (FB 3-5)
325664422545010;Z 6B 357;30;OH-Projektor;Seminarraum FB 2;0;Haus 6B;Campus Lichtenberg;Hochschule für Wirtschaft und Recht Berlin (FB 3-5)
325664422545010;Z 6B 357;30;Tafel;Seminarraum FB 2;0;Haus 6B;Campus Lichtenberg;Hochschule für Wirtschaft und Recht Berlin (FB 3-5)
325664431054013;Z 6B 358;30;Einzeltische;Seminarraum FB 2;0;Haus 6B;Campus Lichtenberg;Hochschule für Wirtschaft und Recht Berlin (FB 3-5)
325664431054013;Z 6B 358;30;OH-Projektor;Seminarraum FB 2;0;Haus 6B;Campus Lichtenberg;Hochschule für Wirtschaft und Recht Berlin (FB 3-5)
325664431054013;Z 6B 358;30;Tafel;Seminarraum FB 2;0;Haus 6B;Campus Lichtenberg;Hochschule für Wirtschaft und Recht Berlin (FB 3-5)
325664441103016;Z 6B 369;30;Doppeltische;Seminarraum FB 2;1;Haus 6B;Campus Lichtenberg;Hochschule für Wirtschaft und Recht Berlin (FB 3-5)
325664457488019;Z 6B 371;30;Beamer;Seminarraum FB 2;1;Haus 6B;Campus Lichtenberg;Hochschule für Wirtschaft und Recht Berlin (FB 3-5)
325664457488019;Z 6B 371;30;Doppeltische;Seminarraum FB 2;1;Haus 6B;Campus Lichtenberg;Hochschule für Wirtschaft und Recht Berlin (FB 3-5)
325664457488019;Z 6B 371;30;OH-Projektor;Seminarraum FB 2;1;Haus 6B;Campus Lichtenberg;Hochschule für Wirtschaft und Recht Berlin (FB 3-5)
325664457488019;Z 6B 371;30;Tafel;Seminarraum FB 2;1;Haus 6B;Campus Lichtenberg;Hochschule für Wirtschaft und Recht Berlin (FB 3-5)
325664465129020;Z 6B 372;50;Beamer;Seminarraum FB 2;1;Haus 6B;Campus Lichtenberg;Hochschule für Wirtschaft und Recht Berlin (FB 3-5)
325664465129020;Z 6B 372;50;Doppeltische;Seminarraum FB 2;1;Haus 6B;Campus Lichtenberg;Hochschule für Wirtschaft und Recht Berlin (FB 3-5)
325664465129020;Z 6B 372;50;OH-Projektor;Seminarraum FB 2;1;Haus 6B;Campus Lichtenberg;Hochschule für Wirtschaft und Recht Berlin (FB 3-5)
325664465129020;Z 6B 372;50;Tafel;Seminarraum FB 2;1;Haus 6B;Campus Lichtenberg;Hochschule für Wirtschaft und Recht Berlin (FB 3-5)
325664472900021;Z 6B 373;0;NULL;Seminarraum FB 2;0;Haus 6B;Campus Lichtenberg;Hochschule für Wirtschaft und Recht Berlin (FB 3-5)
325664490984023;Z 6B 375;30;Doppeltische;Seminarraum FB 2;1;Haus 6B;Campus Lichtenberg;Hochschule für Wirtschaft und Recht Berlin (FB 3-5)
325664490984023;Z 6B 375;30;OH-Projektor;Seminarraum FB 2;1;Haus 6B;Campus Lichtenberg;Hochschule für Wirtschaft und Recht Berlin (FB 3-5)
325664490984023;Z 6B 375;30;Tafel;Seminarraum FB 2;1;Haus 6B;Campus Lichtenberg;Hochschule für Wirtschaft und Recht Berlin (FB 3-5)
325664497822024;Z 6B 376;0;NULL;Hörsaal;1;Haus 6B;Campus Lichtenberg;Hochschule für Wirtschaft und Recht Berlin (FB 3-5)
325664605766028;Z 6B 452;40;Einzeltische;Seminarraum FB 2;1;Haus 6B;Campus Lichtenberg;Hochschule für Wirtschaft und Recht Berlin (FB 3-5)
325664605766028;Z 6B 452;40;OH-Projektor;Seminarraum FB 2;1;Haus 6B;Campus Lichtenberg;Hochschule für Wirtschaft und Recht Berlin (FB 3-5)
325664605766028;Z 6B 452;40;Tafel;Seminarraum FB 2;1;Haus 6B;Campus Lichtenberg;Hochschule für Wirtschaft und Recht Berlin (FB 3-5)
325664613590029;Z 6B 453;42;Doppeltische;Seminarraum FB 2;1;Haus 6B;Campus Lichtenberg;Hochschule für Wirtschaft und Recht Berlin (FB 3-5)
325664613590029;Z 6B 453;42;OH-Projektor;Seminarraum FB 2;1;Haus 6B;Campus Lichtenberg;Hochschule für Wirtschaft und Recht Berlin (FB 3-5)
325664613590029;Z 6B 453;42;Tafel;Seminarraum FB 2;1;Haus 6B;Campus Lichtenberg;Hochschule für Wirtschaft und Recht Berlin (FB 3-5)
325664620565032;Z 6B 454;30;Doppeltische;Seminarraum FB 2;1;Haus 6B;Campus Lichtenberg;Hochschule für Wirtschaft und Recht Berlin (FB 3-5)
325664620565032;Z 6B 454;30;OH-Projektor;Seminarraum FB 2;1;Haus 6B;Campus Lichtenberg;Hochschule für Wirtschaft und Recht Berlin (FB 3-5)
325664620565032;Z 6B 454;30;Tafel;Seminarraum FB 2;1;Haus 6B;Campus Lichtenberg;Hochschule für Wirtschaft und Recht Berlin (FB 3-5)
325664628939033;Z 6B 466;40;Einzeltische;Seminarraum FB 2;1;Haus 6B;Campus Lichtenberg;Hochschule für Wirtschaft und Recht Berlin (FB 3-5)
325664628939033;Z 6B 466;40;OH-Projektor;Seminarraum FB 2;1;Haus 6B;Campus Lichtenberg;Hochschule für Wirtschaft und Recht Berlin (FB 3-5)
325664628939033;Z 6B 466;40;Tafel;Seminarraum FB 2;1;Haus 6B;Campus Lichtenberg;Hochschule für Wirtschaft und Recht Berlin (FB 3-5)
325664638925036;6B 274;36;Beamer;Seminarraum FB 3 bis 5;1;Haus 6B;Campus Lichtenberg;Hochschule für Wirtschaft und Recht Berlin (FB 3-5)
325664638925036;6B 274;36;Einzeltische;Seminarraum FB 3 bis 5;1;Haus 6B;Campus Lichtenberg;Hochschule für Wirtschaft und Recht Berlin (FB 3-5)
325664638925036;6B 274;36;OH-Projektor;Seminarraum FB 3 bis 5;1;Haus 6B;Campus Lichtenberg;Hochschule für Wirtschaft und Recht Berlin (FB 3-5)
325664638925036;6B 274;36;Tafel;Seminarraum FB 3 bis 5;1;Haus 6B;Campus Lichtenberg;Hochschule für Wirtschaft und Recht Berlin (FB 3-5)
327164005333347;Z 6B 169;0;NULL;Hörsaal;1;Haus 6B;Campus Lichtenberg;Hochschule für Wirtschaft und Recht Berlin (FB 3-5)
327164332963359;ZSE IV B 21;30;Doppeltische;Hörsaal;0;ZSE IV B 21;ZSE IV B 21;alle Polizeigelände und -standorte
327192848482793;6A 124;20;Beamer;IT-Raum;1;Haus 6A;Campus Lichtenberg;Hochschule für Wirtschaft und Recht Berlin (FB 3-5)
327192848482793;6A 124;20;PC-Arbeitsplätze;IT-Raum;1;Haus 6A;Campus Lichtenberg;Hochschule für Wirtschaft und Recht Berlin (FB 3-5)
327205812693279;ZSE IV B 4121;0;NULL;NULL;0;ZSE IV;Landespolizeischule;alle Polizeigelände und -standorte
327305274308240;Blauer Salon;0;NULL;Seminarraum;0;Landekriminalamt;Landeskriminalamt;alle Polizeigelände und -standorte
327433223434912;Kripoberatungsladen;0;NULL;NULL;0;Landekriminalamt;Landeskriminalamt;alle Polizeigelände und -standorte
327545497405670;außer Haus;0;NULL;NULL;0;exterm;Campus Lichtenberg;Hochschule für Wirtschaft und Recht Berlin (FB 3-5)
327553081177956;SAP Deutschland;30;NULL;NULL;0;exterm;Campus Lichtenberg;Hochschule für Wirtschaft und Recht Berlin (FB 3-5)
327694886765129;Z 6B 370;30;OH-Projektor;Seminarraum FB 2;1;Haus 6B;Campus Lichtenberg;Hochschule für Wirtschaft und Recht Berlin (FB 3-5)
327694886765129;Z 6B 370;30;Tafel;Seminarraum FB 2;1;Haus 6B;Campus Lichtenberg;Hochschule für Wirtschaft und Recht Berlin (FB 3-5)
327694908002134;Bibliothek;0;NULL;NULL;1;Bibliothek;Campus Lichtenberg;Hochschule für Wirtschaft und Recht Berlin (FB 3-5)
327774075946557;Bibliothek - Polizeibehörde;0;NULL;NULL;1;Landekriminalamt;Landeskriminalamt;alle Polizeigelände und -standorte
327834774212814;HG 142;20;NULL;IT-Raum;0;FHTW Hauptgebäude;FHTW Treskowallee;Hochschule für Technik und Wirtschaft Berlin
327925283930662;6A 125;21;Beamer;IT-Raum;1;Haus 6A;Campus Lichtenberg;Hochschule für Wirtschaft und Recht Berlin (FB 3-5)
327925283930662;6A 125;21;PC-Arbeitsplätze;IT-Raum;1;Haus 6A;Campus Lichtenberg;Hochschule für Wirtschaft und Recht Berlin (FB 3-5)
328053106308400;HG 208;20;Doppeltische;IT-Raum;1;FHTW Hauptgebäude;FHTW Treskowallee;Hochschule für Technik und Wirtschaft Berlin
328053106308400;HG 208;20;OH-Projektor;IT-Raum;1;FHTW Hauptgebäude;FHTW Treskowallee;Hochschule für Technik und Wirtschaft Berlin
328182644057946;Abschnitt 63;0;NULL;NULL;0;ZSE IV;Landespolizeischule;alle Polizeigelände und -standorte
328672992137078;6A 323;30;Beamer;Seminarraum FB 3 bis 5;1;Haus 6A;Campus Lichtenberg;Hochschule für Wirtschaft und Recht Berlin (FB 3-5)
328953702394698;Abschnitt 21;0;NULL;NULL;0;Landekriminalamt;Landeskriminalamt;alle Polizeigelände und -standorte
329294846911157;Bibliothek / Polizei;0;NULL;NULL;0;Landekriminalamt;Landeskriminalamt;alle Polizeigelände und -standorte
329383696345130;HG 002;40;NULL;Hörsaal;1;FHTW Hauptgebäude;FHTW Treskowallee;Hochschule für Technik und Wirtschaft Berlin
329654983514121;HG 117;0;NULL;Hörsaal;0;FHTW Hauptgebäude;FHTW Treskowallee;Hochschule für Technik und Wirtschaft Berlin
329655139889008;HG 016;0;NULL;Hörsaal;0;FHTW Hauptgebäude;FHTW Treskowallee;Hochschule für Technik und Wirtschaft Berlin
330002848505048;1.3045 Büro Dekan FB 4;2;NULL;Büro;0;Haus 1;Campus Lichtenberg;Hochschule für Wirtschaft und Recht Berlin (FB 3-5)
330033739770962;6A 122 MAP;12;spezielle IT-Ausstattung;kein Raum mehr;0;Haus 6A;Campus Lichtenberg;Hochschule für Wirtschaft und Recht Berlin (FB 3-5)
330033739770962;6A 122 MAP;12;PC-Arbeitsplätze;kein Raum mehr;0;Haus 6A;Campus Lichtenberg;Hochschule für Wirtschaft und Recht Berlin (FB 3-5)
330213216582421;6A 102 +S;30;Beamer;Seminarraum FB 3 bis 5;1;Haus 6A;Campus Lichtenberg;Hochschule für Wirtschaft und Recht Berlin (FB 3-5)
330213216582421;6A 102 +S;30;OH-Projektor;Seminarraum FB 3 bis 5;1;Haus 6A;Campus Lichtenberg;Hochschule für Wirtschaft und Recht Berlin (FB 3-5)
330213216582421;6A 102 +S;30;Tafel;Seminarraum FB 3 bis 5;1;Haus 6A;Campus Lichtenberg;Hochschule für Wirtschaft und Recht Berlin (FB 3-5)
330213216582421;6A 102 +S;30;Smart-Board;Seminarraum FB 3 bis 5;1;Haus 6A;Campus Lichtenberg;Hochschule für Wirtschaft und Recht Berlin (FB 3-5)
330213227645422;6A 103 +S;30;Beamer;Seminarraum FB 3 bis 5;1;Haus 6A;Campus Lichtenberg;Hochschule für Wirtschaft und Recht Berlin (FB 3-5)
330213227645422;6A 103 +S;30;Doppeltische;Seminarraum FB 3 bis 5;1;Haus 6A;Campus Lichtenberg;Hochschule für Wirtschaft und Recht Berlin (FB 3-5)
330213227645422;6A 103 +S;30;OH-Projektor;Seminarraum FB 3 bis 5;1;Haus 6A;Campus Lichtenberg;Hochschule für Wirtschaft und Recht Berlin (FB 3-5)
330213227645422;6A 103 +S;30;Smart-Board;Seminarraum FB 3 bis 5;1;Haus 6A;Campus Lichtenberg;Hochschule für Wirtschaft und Recht Berlin (FB 3-5)
330213233480423;6A 104 +V;25;Beamer;Seminarraum FB 3 bis 5;1;Haus 6A;Campus Lichtenberg;Hochschule für Wirtschaft und Recht Berlin (FB 3-5)
330213240291424;6A 106;30;Beamer;Seminarraum FB 3 bis 5;1;Haus 6A;Campus Lichtenberg;Hochschule für Wirtschaft und Recht Berlin (FB 3-5)
330213246486425;6A 107 +V mit D;50;Beamer;Seminarraum FB 3 bis 5;1;Haus 6A;Campus Lichtenberg;Hochschule für Wirtschaft und Recht Berlin (FB 3-5)
330213246486425;6A 107 +V mit D;50;Videoschrank;Seminarraum FB 3 bis 5;1;Haus 6A;Campus Lichtenberg;Hochschule für Wirtschaft und Recht Berlin (FB 3-5)
330213246486425;6A 107 +V mit D;50;DVD;Seminarraum FB 3 bis 5;1;Haus 6A;Campus Lichtenberg;Hochschule für Wirtschaft und Recht Berlin (FB 3-5)
330213250251426;6A 108 +V;40;Beamer;Seminarraum FB 3 bis 5;1;Haus 6A;Campus Lichtenberg;Hochschule für Wirtschaft und Recht Berlin (FB 3-5)
330213250251426;6A 108 +V;40;Videoschrank;Seminarraum FB 3 bis 5;1;Haus 6A;Campus Lichtenberg;Hochschule für Wirtschaft und Recht Berlin (FB 3-5)
330213262741427;6A 109 +S;50;Beamer;Seminarraum FB 3 bis 5;1;Haus 6A;Campus Lichtenberg;Hochschule für Wirtschaft und Recht Berlin (FB 3-5)
330213262741427;6A 109 +S;50;Doppeltische;Seminarraum FB 3 bis 5;1;Haus 6A;Campus Lichtenberg;Hochschule für Wirtschaft und Recht Berlin (FB 3-5)
330213262741427;6A 109 +S;50;OH-Projektor;Seminarraum FB 3 bis 5;1;Haus 6A;Campus Lichtenberg;Hochschule für Wirtschaft und Recht Berlin (FB 3-5)
330213262741427;6A 109 +S;50;Smart-Board;Seminarraum FB 3 bis 5;1;Haus 6A;Campus Lichtenberg;Hochschule für Wirtschaft und Recht Berlin (FB 3-5)
330213267747428;6A 110;50;Beamer;Seminarraum FB 3 bis 5;1;Haus 6A;Campus Lichtenberg;Hochschule für Wirtschaft und Recht Berlin (FB 3-5)
330705093713569;Z 6B 150;0;NULL;Seminarraum FB 2;1;Haus 6B;Campus Lichtenberg;Hochschule für Wirtschaft und Recht Berlin (FB 3-5)
330983221374037;Charité;0;NULL;Hörsaal;0;Institut für Rechtsmedizin;extern;Hochschule für Wirtschaft und Recht Berlin (FB 3-5)
331004701160060;12.068;38;Beamer;Seminarraum;1;Haus 1;Campus Lichtenberg;Hochschule für Wirtschaft und Recht Berlin (FB 3-5)
331004701160060;12.068;38;Doppeltische;Seminarraum;1;Haus 1;Campus Lichtenberg;Hochschule für Wirtschaft und Recht Berlin (FB 3-5)
331004701160060;12.068;38;Tafel;Seminarraum;1;Haus 1;Campus Lichtenberg;Hochschule für Wirtschaft und Recht Berlin (FB 3-5)
331004701160060;12.068;38;Dozenten PC ohne Netz;Seminarraum;1;Haus 1;Campus Lichtenberg;Hochschule für Wirtschaft und Recht Berlin (FB 3-5)
331013658742799;HG 143;20;NULL;IT-Raum;0;FHTW Hauptgebäude;FHTW Treskowallee;Hochschule für Technik und Wirtschaft Berlin
332093986716605;Rektorzimmer;0;NULL;NULL;0;Haus 1;Campus Lichtenberg;Hochschule für Wirtschaft und Recht Berlin (FB 3-5)
333023698985842;HG 013;20;NULL;IT-Raum;0;FHTW Hauptgebäude;FHTW Treskowallee;Hochschule für Technik und Wirtschaft Berlin
333023709125843;HG 210;20;NULL;IT-Raum;0;FHTW Hauptgebäude;FHTW Treskowallee;Hochschule für Technik und Wirtschaft Berlin
333583613549901;Deutsche Bahn;0;NULL;NULL;0;exterm;Campus Lichtenberg;Hochschule für Wirtschaft und Recht Berlin (FB 3-5)
334363691674562;Z 1.1064 HRZ Besprechungsraum;0;Beamer;Sitzungsraum;0;Haus 1;Campus Lichtenberg;Hochschule für Wirtschaft und Recht Berlin (FB 3-5)
334374963277857;6B kein Raum;0;NULL;NULL;0;Haus 6B;Campus Lichtenberg;Hochschule für Wirtschaft und Recht Berlin (FB 3-5)
334374974661858;6B kein Raum mit Beamer;0;Beamer;NULL;0;Haus 6B;Campus Lichtenberg;Hochschule für Wirtschaft und Recht Berlin (FB 3-5)
334635300987439;Labor Pool 9;20;NULL;IT-Raum;0;FHTW Hauptgebäude;FHTW Treskowallee;Hochschule für Technik und Wirtschaft Berlin
334704736097124;6A 127;24;Beamer;IT-Raum;1;Haus 6A;Campus Lichtenberg;Hochschule für Wirtschaft und Recht Berlin (FB 3-5)
334704736097124;6A 127;24;spezielle IT-Ausstattung;IT-Raum;1;Haus 6A;Campus Lichtenberg;Hochschule für Wirtschaft und Recht Berlin (FB 3-5)
334704736097124;6A 127;24;PC-Arbeitsplätze;IT-Raum;1;Haus 6A;Campus Lichtenberg;Hochschule für Wirtschaft und Recht Berlin (FB 3-5)
334704744059129;6A 128;30;Beamer;Seminarraum FB 3 bis 5;1;Haus 6A;Campus Lichtenberg;Hochschule für Wirtschaft und Recht Berlin (FB 3-5)
334823332556052;HG 017;32;NULL;Hörsaal;0;FHTW Hauptgebäude;FHTW Treskowallee;Hochschule für Technik und Wirtschaft Berlin
334864380541792;Seminarraum;40;NULL;Seminarraum;1;exterm;Campus Lichtenberg;Hochschule für Wirtschaft und Recht Berlin (FB 3-5)
335264381071572;Labor Pool 2;20;NULL;IT-Raum;0;FHTW Hauptgebäude;FHTW Treskowallee;Hochschule für Technik und Wirtschaft Berlin
335474789455682;K 021;33;NULL;Hörsaal;0;Kowalkestraße Schule;Campus Lichtenberg;Hochschule für Wirtschaft und Recht Berlin (FB 3-5)
335474804348683;K 023;24;NULL;Hörsaal;0;Kowalkestraße Schule;Campus Lichtenberg;Hochschule für Wirtschaft und Recht Berlin (FB 3-5)
335474814859684;K 024;24;NULL;Hörsaal;0;Kowalkestraße Schule;Campus Lichtenberg;Hochschule für Wirtschaft und Recht Berlin (FB 3-5)
335474822955685;K 121;33;NULL;Hörsaal;0;Kowalkestraße Schule;Campus Lichtenberg;Hochschule für Wirtschaft und Recht Berlin (FB 3-5)
335474831497686;K 123;24;NULL;Hörsaal;0;Kowalkestraße Schule;Campus Lichtenberg;Hochschule für Wirtschaft und Recht Berlin (FB 3-5)
335474836322687;K 124;24;NULL;Hörsaal;0;Kowalkestraße Schule;Campus Lichtenberg;Hochschule für Wirtschaft und Recht Berlin (FB 3-5)
335474840389688;K 221;33;NULL;Hörsaal;0;Kowalkestraße Schule;Campus Lichtenberg;Hochschule für Wirtschaft und Recht Berlin (FB 3-5)
335474844632689;K 223;24;NULL;Hörsaal;0;Kowalkestraße Schule;Campus Lichtenberg;Hochschule für Wirtschaft und Recht Berlin (FB 3-5)
335474848481690;K 224;24;NULL;Hörsaal;0;Kowalkestraße Schule;Campus Lichtenberg;Hochschule für Wirtschaft und Recht Berlin (FB 3-5)
335474856068691;K 308;60;NULL;Hörsaal;0;Kowalkestraße Schule;Campus Lichtenberg;Hochschule für Wirtschaft und Recht Berlin (FB 3-5)
335474862396692;K 321;33;NULL;Hörsaal;0;Kowalkestraße Schule;Campus Lichtenberg;Hochschule für Wirtschaft und Recht Berlin (FB 3-5)
335474866419693;K 323;24;NULL;Hörsaal;0;Kowalkestraße Schule;Campus Lichtenberg;Hochschule für Wirtschaft und Recht Berlin (FB 3-5)
335474871035694;K 324;24;NULL;Hörsaal;0;Kowalkestraße Schule;Campus Lichtenberg;Hochschule für Wirtschaft und Recht Berlin (FB 3-5)
335913535726287;HG 123;0;Beamer;Hörsaal;0;FHTW Hauptgebäude;FHTW Treskowallee;Hochschule für Technik und Wirtschaft Berlin
335913541640290;HG 121;0;Beamer;Hörsaal;0;FHTW Hauptgebäude;FHTW Treskowallee;Hochschule für Technik und Wirtschaft Berlin
336164147424927;6A 101 +V;30;Beamer;Seminarraum FB 3 bis 5;0;Haus 6A;Campus Lichtenberg;Hochschule für Wirtschaft und Recht Berlin (FB 3-5)
336585012582588;VG 729 Pool;0;NULL;Seminarraum;0;FHTW Hauptgebäude;FHTW Treskowallee;Hochschule für Technik und Wirtschaft Berlin
336585189094081;HS 208;0;NULL;Hörsaal;0;FHTW Hauptgebäude;FHTW Treskowallee;Hochschule für Technik und Wirtschaft Berlin
336734102396231;6A 121;10;PC-Arbeitsplätze;kein Raum mehr;1;Haus 6A;Campus Lichtenberg;Hochschule für Wirtschaft und Recht Berlin (FB 3-5)
336815630444248;HG 149;40;NULL;Hörsaal;0;FHTW Hauptgebäude;FHTW Treskowallee;Hochschule für Technik und Wirtschaft Berlin
336825302494660;HG 223;40;NULL;Hörsaal;0;FHTW Hauptgebäude;FHTW Treskowallee;Hochschule für Technik und Wirtschaft Berlin
337925940687543;1.2050 Dekan FB 5;0;NULL;NULL;1;Haus 1;Campus Lichtenberg;Hochschule für Wirtschaft und Recht Berlin (FB 3-5)
337933292206691;6B 066;80;Beamer;Seminarraum FB 3 bis 5;1;Haus 6B;Campus Lichtenberg;Hochschule für Wirtschaft und Recht Berlin (FB 3-5)
337933292206691;6B 066;80;Doppeltische;Seminarraum FB 3 bis 5;1;Haus 6B;Campus Lichtenberg;Hochschule für Wirtschaft und Recht Berlin (FB 3-5)
337933292206691;6B 066;80;Tafel;Seminarraum FB 3 bis 5;1;Haus 6B;Campus Lichtenberg;Hochschule für Wirtschaft und Recht Berlin (FB 3-5)
337935144971112;6B 269;30;NULL;Seminarraum FB 3 bis 5;1;Haus 6B;Campus Lichtenberg;Hochschule für Wirtschaft und Recht Berlin (FB 3-5)
337935177175877;6B 065;40;Beamer;Seminarraum FB 3 bis 5;1;Haus 6B;Campus Lichtenberg;Hochschule für Wirtschaft und Recht Berlin (FB 3-5)
337935177175877;6B 065;40;Doppeltische;Seminarraum FB 3 bis 5;1;Haus 6B;Campus Lichtenberg;Hochschule für Wirtschaft und Recht Berlin (FB 3-5)
337935177175877;6B 065;40;Tafel;Seminarraum FB 3 bis 5;1;Haus 6B;Campus Lichtenberg;Hochschule für Wirtschaft und Recht Berlin (FB 3-5)
338004424363945;6B 270 +V;30;Beamer;Seminarraum FB 3 bis 5;1;Haus 6B;Campus Lichtenberg;Hochschule für Wirtschaft und Recht Berlin (FB 3-5)
338004697568125;Z 6B 176;30;NULL;Seminarraum FB 2;1;Haus 6B;Campus Lichtenberg;Hochschule für Wirtschaft und Recht Berlin (FB 3-5)
338004731419126;6B 276;40;Beamer;Seminarraum FB 3 bis 5;1;Haus 6B;Campus Lichtenberg;Hochschule für Wirtschaft und Recht Berlin (FB 3-5)
338014454358522;Z 1.2045 Projektraum;8;Doppeltische;Seminarraum;1;Haus 1;Campus Lichtenberg;Hochschule für Wirtschaft und Recht Berlin (FB 3-5)
338014512531529;12.067;36;Beamer;Seminarraum;1;Haus 1;Campus Lichtenberg;Hochschule für Wirtschaft und Recht Berlin (FB 3-5)
338014512531529;12.067;36;Doppeltische;Seminarraum;1;Haus 1;Campus Lichtenberg;Hochschule für Wirtschaft und Recht Berlin (FB 3-5)
338014919079530;12.066;45;Einzeltische;Seminarraum;1;Haus 1;Campus Lichtenberg;Hochschule für Wirtschaft und Recht Berlin (FB 3-5)
338014924857532;12.065;29;Einzeltische;Seminarraum FB 2;1;Haus 1;Campus Lichtenberg;Hochschule für Wirtschaft und Recht Berlin (FB 3-5)
338014924857532;12.065;29;OH-Projektor;Seminarraum FB 2;1;Haus 1;Campus Lichtenberg;Hochschule für Wirtschaft und Recht Berlin (FB 3-5)
338014924857532;12.065;29;Tafel;Seminarraum FB 2;1;Haus 1;Campus Lichtenberg;Hochschule für Wirtschaft und Recht Berlin (FB 3-5)
338402782061087;LI GerMed;0;NULL;Hörsaal;0;exterm;Campus Lichtenberg;Hochschule für Wirtschaft und Recht Berlin (FB 3-5)
338814420465220;Z 6B 367;0;NULL;Seminarraum FB 2;1;Haus 6B;Campus Lichtenberg;Hochschule für Wirtschaft und Recht Berlin (FB 3-5)
338814436014221;Z 6B 368;0;NULL;Seminarraum FB 2;0;Haus 6B;Campus Lichtenberg;Hochschule für Wirtschaft und Recht Berlin (FB 3-5)
339233132274121;Z 1.2087;10;NULL;Sitzungsraum;1;Haus 1;Campus Lichtenberg;Hochschule für Wirtschaft und Recht Berlin (FB 3-5)
339673851641116;6B 253;40;Beamer;Seminarraum FB 3 bis 5;1;Haus 6B;Campus Lichtenberg;Hochschule für Wirtschaft und Recht Berlin (FB 3-5)
339733986157023;HG 238;80;Doppeltische;Hörsaal;0;FHTW Hauptgebäude;FHTW Treskowallee;Hochschule für Technik und Wirtschaft Berlin
340155949362801;1.3033 Büro/kleiner Besprechungsraum FB 4;10;Doppeltische;Büro;0;Haus 1;Campus Lichtenberg;Hochschule für Wirtschaft und Recht Berlin (FB 3-5)
340234817594562;HG 219;58;NULL;Seminarraum;0;FHTW Hauptgebäude;FHTW Treskowallee;Hochschule für Technik und Wirtschaft Berlin
340235167754832;HG 122;50;NULL;Hörsaal;0;FHTW Hauptgebäude;FHTW Treskowallee;Hochschule für Technik und Wirtschaft Berlin
340235170545833;HG 130;60;NULL;NULL;0;FHTW Hauptgebäude;FHTW Treskowallee;Hochschule für Technik und Wirtschaft Berlin
340235176029834;HG 218;38;NULL;Hörsaal;0;FHTW Hauptgebäude;FHTW Treskowallee;Hochschule für Technik und Wirtschaft Berlin
340235181575835;HG 024;38;NULL;Hörsaal;0;FHTW Hauptgebäude;FHTW Treskowallee;Hochschule für Technik und Wirtschaft Berlin
340254606424978;HG 029;0;NULL;Hörsaal;0;FHTW Hauptgebäude;FHTW Treskowallee;Hochschule für Technik und Wirtschaft Berlin
340254610192979;HG 222;0;NULL;Hörsaal;0;FHTW Hauptgebäude;FHTW Treskowallee;Hochschule für Technik und Wirtschaft Berlin
340254613386980;HG 124;0;NULL;Hörsaal;0;FHTW Hauptgebäude;FHTW Treskowallee;Hochschule für Technik und Wirtschaft Berlin
340294970104834;HG 103;0;NULL;Hörsaal;0;FHTW Hauptgebäude;FHTW Treskowallee;Hochschule für Technik und Wirtschaft Berlin
340294973009835;HG 119;0;NULL;Hörsaal;0;FHTW Hauptgebäude;FHTW Treskowallee;Hochschule für Technik und Wirtschaft Berlin
340302895878472;6A 120 Büro Mahn;0;NULL;NULL;0;Haus 6A;Campus Lichtenberg;Hochschule für Wirtschaft und Recht Berlin (FB 3-5)
340322643531959;Büro des/der Dozenten/in;0;NULL;NULL;0;Haus 1;Campus Lichtenberg;Hochschule für Wirtschaft und Recht Berlin (FB 3-5)
340444128954268;6A 008 VaK;100;NULL;Hörsaal;0;Haus 6A;Campus Lichtenberg;Hochschule für Wirtschaft und Recht Berlin (FB 3-5)
340504855865923;VG 307 L;0;NULL;Hörsaal;0;FHTW Hauptgebäude;FHTW Treskowallee;Hochschule für Technik und Wirtschaft Berlin
340565167788886;1.2052 Dekan FB 3;0;NULL;NULL;0;Haus 1;Campus Lichtenberg;Hochschule für Wirtschaft und Recht Berlin (FB 3-5)
340784399529458;50.001;0;NULL;Seminarraum FB 2;1;Haus 5;Campus Lichtenberg;Hochschule für Wirtschaft und Recht Berlin (FB 3-5)
340784410400459;50.002;0;NULL;Seminarraum FB 2;1;Haus 5;Campus Lichtenberg;Hochschule für Wirtschaft und Recht Berlin (FB 3-5)
340784417901460;50.003;0;NULL;Seminarraum FB 2;1;Haus 5;Campus Lichtenberg;Hochschule für Wirtschaft und Recht Berlin (FB 3-5)
340784421877461;50.014;0;NULL;Seminarraum FB 2;1;Haus 5;Campus Lichtenberg;Hochschule für Wirtschaft und Recht Berlin (FB 3-5)
340784425836462;50.015;0;NULL;Seminarraum FB 2;1;Haus 5;Campus Lichtenberg;Hochschule für Wirtschaft und Recht Berlin (FB 3-5)
341573676842708;CF 210;34;Beamer;Seminarraum FB 3 bis 5;1;Campus Friedrichshain;Campus Lichtenberg;Hochschule für Wirtschaft und Recht Berlin (FB 3-5)
341573676842708;CF 210;34;Doppeltische;Seminarraum FB 3 bis 5;1;Campus Friedrichshain;Campus Lichtenberg;Hochschule für Wirtschaft und Recht Berlin (FB 3-5)
341573676842708;CF 210;34;OH-Projektor;Seminarraum FB 3 bis 5;1;Campus Friedrichshain;Campus Lichtenberg;Hochschule für Wirtschaft und Recht Berlin (FB 3-5)
341573676842708;CF 210;34;Tafel;Seminarraum FB 3 bis 5;1;Campus Friedrichshain;Campus Lichtenberg;Hochschule für Wirtschaft und Recht Berlin (FB 3-5)
341573676842708;CF 210;34;PC-Arbeitsplätze;Seminarraum FB 3 bis 5;1;Campus Friedrichshain;Campus Lichtenberg;Hochschule für Wirtschaft und Recht Berlin (FB 3-5)
341573718697717;CF 212;40;Beamer;Seminarraum FB 3 bis 5;1;Campus Friedrichshain;Campus Lichtenberg;Hochschule für Wirtschaft und Recht Berlin (FB 3-5)
341573718697717;CF 212;40;Doppeltische;Seminarraum FB 3 bis 5;1;Campus Friedrichshain;Campus Lichtenberg;Hochschule für Wirtschaft und Recht Berlin (FB 3-5)
341573718697717;CF 212;40;OH-Projektor;Seminarraum FB 3 bis 5;1;Campus Friedrichshain;Campus Lichtenberg;Hochschule für Wirtschaft und Recht Berlin (FB 3-5)
341573718697717;CF 212;40;Tafel;Seminarraum FB 3 bis 5;1;Campus Friedrichshain;Campus Lichtenberg;Hochschule für Wirtschaft und Recht Berlin (FB 3-5)
341573727341726;CF 214;34;Beamer;Seminarraum FB 3 bis 5;1;Campus Friedrichshain;Campus Lichtenberg;Hochschule für Wirtschaft und Recht Berlin (FB 3-5)
341573727341726;CF 214;34;Doppeltische;Seminarraum FB 3 bis 5;1;Campus Friedrichshain;Campus Lichtenberg;Hochschule für Wirtschaft und Recht Berlin (FB 3-5)
341573727341726;CF 214;34;OH-Projektor;Seminarraum FB 3 bis 5;1;Campus Friedrichshain;Campus Lichtenberg;Hochschule für Wirtschaft und Recht Berlin (FB 3-5)
341573727341726;CF 214;34;Tafel;Seminarraum FB 3 bis 5;1;Campus Friedrichshain;Campus Lichtenberg;Hochschule für Wirtschaft und Recht Berlin (FB 3-5)
341573732974735;CF 216;80;Beamer;Seminarraum FB 2;1;Campus Friedrichshain;Campus Lichtenberg;Hochschule für Wirtschaft und Recht Berlin (FB 3-5)
341573732974735;CF 216;80;Doppeltische;Seminarraum FB 2;1;Campus Friedrichshain;Campus Lichtenberg;Hochschule für Wirtschaft und Recht Berlin (FB 3-5)
341573732974735;CF 216;80;OH-Projektor;Seminarraum FB 2;1;Campus Friedrichshain;Campus Lichtenberg;Hochschule für Wirtschaft und Recht Berlin (FB 3-5)
341573732974735;CF 216;80;Tafel;Seminarraum FB 2;1;Campus Friedrichshain;Campus Lichtenberg;Hochschule für Wirtschaft und Recht Berlin (FB 3-5)
341573757021744;CF 218;29;Beamer;Seminarraum FB 3 bis 5;0;Campus Friedrichshain;Campus Lichtenberg;Hochschule für Wirtschaft und Recht Berlin (FB 3-5)
341573757021744;CF 218;29;Doppeltische;Seminarraum FB 3 bis 5;0;Campus Friedrichshain;Campus Lichtenberg;Hochschule für Wirtschaft und Recht Berlin (FB 3-5)
341573757021744;CF 218;29;OH-Projektor;Seminarraum FB 3 bis 5;0;Campus Friedrichshain;Campus Lichtenberg;Hochschule für Wirtschaft und Recht Berlin (FB 3-5)
341573757021744;CF 218;29;Tafel;Seminarraum FB 3 bis 5;0;Campus Friedrichshain;Campus Lichtenberg;Hochschule für Wirtschaft und Recht Berlin (FB 3-5)
341573762732753;CF 220;26;Beamer;Seminarraum FB 3 bis 5;1;Campus Friedrichshain;Campus Lichtenberg;Hochschule für Wirtschaft und Recht Berlin (FB 3-5)
341573762732753;CF 220;26;Doppeltische;Seminarraum FB 3 bis 5;1;Campus Friedrichshain;Campus Lichtenberg;Hochschule für Wirtschaft und Recht Berlin (FB 3-5)
341573762732753;CF 220;26;OH-Projektor;Seminarraum FB 3 bis 5;1;Campus Friedrichshain;Campus Lichtenberg;Hochschule für Wirtschaft und Recht Berlin (FB 3-5)
341573762732753;CF 220;26;Tafel;Seminarraum FB 3 bis 5;1;Campus Friedrichshain;Campus Lichtenberg;Hochschule für Wirtschaft und Recht Berlin (FB 3-5)
341573769682762;CF 222;35;Beamer;Seminarraum FB 3 bis 5;1;Campus Friedrichshain;Campus Lichtenberg;Hochschule für Wirtschaft und Recht Berlin (FB 3-5)
341573769682762;CF 222;35;Doppeltische;Seminarraum FB 3 bis 5;1;Campus Friedrichshain;Campus Lichtenberg;Hochschule für Wirtschaft und Recht Berlin (FB 3-5)
341573769682762;CF 222;35;OH-Projektor;Seminarraum FB 3 bis 5;1;Campus Friedrichshain;Campus Lichtenberg;Hochschule für Wirtschaft und Recht Berlin (FB 3-5)
341573769682762;CF 222;35;Tafel;Seminarraum FB 3 bis 5;1;Campus Friedrichshain;Campus Lichtenberg;Hochschule für Wirtschaft und Recht Berlin (FB 3-5)
341573774842771;CF 223;28;Beamer;Seminarraum FB 2;1;Campus Friedrichshain;Campus Lichtenberg;Hochschule für Wirtschaft und Recht Berlin (FB 3-5)
341573774842771;CF 223;28;Doppeltische;Seminarraum FB 2;1;Campus Friedrichshain;Campus Lichtenberg;Hochschule für Wirtschaft und Recht Berlin (FB 3-5)
341573774842771;CF 223;28;OH-Projektor;Seminarraum FB 2;1;Campus Friedrichshain;Campus Lichtenberg;Hochschule für Wirtschaft und Recht Berlin (FB 3-5)
341573774842771;CF 223;28;Tafel;Seminarraum FB 2;1;Campus Friedrichshain;Campus Lichtenberg;Hochschule für Wirtschaft und Recht Berlin (FB 3-5)
341573783820780;CF 224;36;Beamer;Seminarraum FB 3 bis 5;1;Campus Friedrichshain;Campus Lichtenberg;Hochschule für Wirtschaft und Recht Berlin (FB 3-5)
341573783820780;CF 224;36;Doppeltische;Seminarraum FB 3 bis 5;1;Campus Friedrichshain;Campus Lichtenberg;Hochschule für Wirtschaft und Recht Berlin (FB 3-5)
341573783820780;CF 224;36;OH-Projektor;Seminarraum FB 3 bis 5;1;Campus Friedrichshain;Campus Lichtenberg;Hochschule für Wirtschaft und Recht Berlin (FB 3-5)
341573783820780;CF 224;36;Tafel;Seminarraum FB 3 bis 5;1;Campus Friedrichshain;Campus Lichtenberg;Hochschule für Wirtschaft und Recht Berlin (FB 3-5)
341573788967789;CF 226;36;Beamer;Seminarraum FB 3 bis 5;1;Campus Friedrichshain;Campus Lichtenberg;Hochschule für Wirtschaft und Recht Berlin (FB 3-5)
341573788967789;CF 226;36;Doppeltische;Seminarraum FB 3 bis 5;1;Campus Friedrichshain;Campus Lichtenberg;Hochschule für Wirtschaft und Recht Berlin (FB 3-5)
341573788967789;CF 226;36;OH-Projektor;Seminarraum FB 3 bis 5;1;Campus Friedrichshain;Campus Lichtenberg;Hochschule für Wirtschaft und Recht Berlin (FB 3-5)
341573788967789;CF 226;36;Tafel;Seminarraum FB 3 bis 5;1;Campus Friedrichshain;Campus Lichtenberg;Hochschule für Wirtschaft und Recht Berlin (FB 3-5)
341573794161798;CF 228;0;Beamer;Seminarraum FB 2;1;Campus Friedrichshain;Campus Lichtenberg;Hochschule für Wirtschaft und Recht Berlin (FB 3-5)
341573794161798;CF 228;0;Doppeltische;Seminarraum FB 2;1;Campus Friedrichshain;Campus Lichtenberg;Hochschule für Wirtschaft und Recht Berlin (FB 3-5)
341573794161798;CF 228;0;OH-Projektor;Seminarraum FB 2;1;Campus Friedrichshain;Campus Lichtenberg;Hochschule für Wirtschaft und Recht Berlin (FB 3-5)
341573794161798;CF 228;0;Tafel;Seminarraum FB 2;1;Campus Friedrichshain;Campus Lichtenberg;Hochschule für Wirtschaft und Recht Berlin (FB 3-5)
341573798896807;CF 230;0;Beamer;Seminarraum FB 2;1;Campus Friedrichshain;Campus Lichtenberg;Hochschule für Wirtschaft und Recht Berlin (FB 3-5)
341573798896807;CF 230;0;Doppeltische;Seminarraum FB 2;1;Campus Friedrichshain;Campus Lichtenberg;Hochschule für Wirtschaft und Recht Berlin (FB 3-5)
341573798896807;CF 230;0;OH-Projektor;Seminarraum FB 2;1;Campus Friedrichshain;Campus Lichtenberg;Hochschule für Wirtschaft und Recht Berlin (FB 3-5)
341573798896807;CF 230;0;Tafel;Seminarraum FB 2;1;Campus Friedrichshain;Campus Lichtenberg;Hochschule für Wirtschaft und Recht Berlin (FB 3-5)
341573803401816;CF 232;27;Beamer;Seminarraum FB 2;1;Campus Friedrichshain;Campus Lichtenberg;Hochschule für Wirtschaft und Recht Berlin (FB 3-5)
341573803401816;CF 232;27;Doppeltische;Seminarraum FB 2;1;Campus Friedrichshain;Campus Lichtenberg;Hochschule für Wirtschaft und Recht Berlin (FB 3-5)
341573803401816;CF 232;27;OH-Projektor;Seminarraum FB 2;1;Campus Friedrichshain;Campus Lichtenberg;Hochschule für Wirtschaft und Recht Berlin (FB 3-5)
341573803401816;CF 232;27;Tafel;Seminarraum FB 2;1;Campus Friedrichshain;Campus Lichtenberg;Hochschule für Wirtschaft und Recht Berlin (FB 3-5)
341573812563825;CF 234;40;Beamer;Seminarraum FB 2;1;Campus Friedrichshain;Campus Lichtenberg;Hochschule für Wirtschaft und Recht Berlin (FB 3-5)
341573812563825;CF 234;40;Doppeltische;Seminarraum FB 2;1;Campus Friedrichshain;Campus Lichtenberg;Hochschule für Wirtschaft und Recht Berlin (FB 3-5)
341573812563825;CF 234;40;OH-Projektor;Seminarraum FB 2;1;Campus Friedrichshain;Campus Lichtenberg;Hochschule für Wirtschaft und Recht Berlin (FB 3-5)
341573812563825;CF 234;40;Tafel;Seminarraum FB 2;1;Campus Friedrichshain;Campus Lichtenberg;Hochschule für Wirtschaft und Recht Berlin (FB 3-5)
341573818348834;CF 250;20;Beamer;Seminarraum FB 3 bis 5;1;Campus Friedrichshain;Campus Lichtenberg;Hochschule für Wirtschaft und Recht Berlin (FB 3-5)
341573818348834;CF 250;20;Doppeltische;Seminarraum FB 3 bis 5;1;Campus Friedrichshain;Campus Lichtenberg;Hochschule für Wirtschaft und Recht Berlin (FB 3-5)
341573818348834;CF 250;20;OH-Projektor;Seminarraum FB 3 bis 5;1;Campus Friedrichshain;Campus Lichtenberg;Hochschule für Wirtschaft und Recht Berlin (FB 3-5)
341573818348834;CF 250;20;Tafel;Seminarraum FB 3 bis 5;1;Campus Friedrichshain;Campus Lichtenberg;Hochschule für Wirtschaft und Recht Berlin (FB 3-5)
341573818348834;CF 250;20;Dozenten PC ohne Netz;Seminarraum FB 3 bis 5;1;Campus Friedrichshain;Campus Lichtenberg;Hochschule für Wirtschaft und Recht Berlin (FB 3-5)
341573838882845;CF 252;34;Beamer;Seminarraum FB 2;1;Campus Friedrichshain;Campus Lichtenberg;Hochschule für Wirtschaft und Recht Berlin (FB 3-5)
341573838882845;CF 252;34;Doppeltische;Seminarraum FB 2;1;Campus Friedrichshain;Campus Lichtenberg;Hochschule für Wirtschaft und Recht Berlin (FB 3-5)
341573838882845;CF 252;34;OH-Projektor;Seminarraum FB 2;1;Campus Friedrichshain;Campus Lichtenberg;Hochschule für Wirtschaft und Recht Berlin (FB 3-5)
341573838882845;CF 252;34;Tafel;Seminarraum FB 2;1;Campus Friedrichshain;Campus Lichtenberg;Hochschule für Wirtschaft und Recht Berlin (FB 3-5)
341573838882845;CF 252;34;Dozenten PC ohne Netz;Seminarraum FB 2;1;Campus Friedrichshain;Campus Lichtenberg;Hochschule für Wirtschaft und Recht Berlin (FB 3-5)
341573843016856;CF 254;36;Beamer;Seminarraum FB 2;1;Campus Friedrichshain;Campus Lichtenberg;Hochschule für Wirtschaft und Recht Berlin (FB 3-5)
341573843016856;CF 254;36;Doppeltische;Seminarraum FB 2;1;Campus Friedrichshain;Campus Lichtenberg;Hochschule für Wirtschaft und Recht Berlin (FB 3-5)
341573843016856;CF 254;36;OH-Projektor;Seminarraum FB 2;1;Campus Friedrichshain;Campus Lichtenberg;Hochschule für Wirtschaft und Recht Berlin (FB 3-5)
341573843016856;CF 254;36;Tafel;Seminarraum FB 2;1;Campus Friedrichshain;Campus Lichtenberg;Hochschule für Wirtschaft und Recht Berlin (FB 3-5)
341573843016856;CF 254;36;Dozenten PC ohne Netz;Seminarraum FB 2;1;Campus Friedrichshain;Campus Lichtenberg;Hochschule für Wirtschaft und Recht Berlin (FB 3-5)
341573847300867;CF 256;37;Beamer;Seminarraum FB 2;1;Campus Friedrichshain;Campus Lichtenberg;Hochschule für Wirtschaft und Recht Berlin (FB 3-5)
341573847300867;CF 256;37;Doppeltische;Seminarraum FB 2;1;Campus Friedrichshain;Campus Lichtenberg;Hochschule für Wirtschaft und Recht Berlin (FB 3-5)
341573847300867;CF 256;37;OH-Projektor;Seminarraum FB 2;1;Campus Friedrichshain;Campus Lichtenberg;Hochschule für Wirtschaft und Recht Berlin (FB 3-5)
341573847300867;CF 256;37;Tafel;Seminarraum FB 2;1;Campus Friedrichshain;Campus Lichtenberg;Hochschule für Wirtschaft und Recht Berlin (FB 3-5)
341573847300867;CF 256;37;Dozenten PC ohne Netz;Seminarraum FB 2;1;Campus Friedrichshain;Campus Lichtenberg;Hochschule für Wirtschaft und Recht Berlin (FB 3-5)
341573862947880;CF 263/267;30;NULL;Seminarraum FB 3 bis 5;1;Campus Friedrichshain;Campus Lichtenberg;Hochschule für Wirtschaft und Recht Berlin (FB 3-5)
341573867733881;CF 258/260;0;NULL;NULL;1;Campus Friedrichshain;Campus Lichtenberg;Hochschule für Wirtschaft und Recht Berlin (FB 3-5)
341575564687040;HG 003;0;NULL;Hörsaal;0;FHTW Hauptgebäude;FHTW Treskowallee;Hochschule für Technik und Wirtschaft Berlin
341714025545394;CF 264/266;30;NULL;Seminarraum FB 3 bis 5;1;Campus Friedrichshain;Campus Lichtenberg;Hochschule für Wirtschaft und Recht Berlin (FB 3-5)
341995394518843;HG 128;0;NULL;Hörsaal;0;FHTW Hauptgebäude;FHTW Treskowallee;Hochschule für Technik und Wirtschaft Berlin
342053173353926;HG 022;0;NULL;Hörsaal;0;FHTW Hauptgebäude;FHTW Treskowallee;Hochschule für Technik und Wirtschaft Berlin
342104242322490;HG 021;0;NULL;Seminarraum;0;FHTW Hauptgebäude;FHTW Treskowallee;Hochschule für Technik und Wirtschaft Berlin
343023972287260;HG 020;0;NULL;Hörsaal;0;FHTW Hauptgebäude;FHTW Treskowallee;Hochschule für Technik und Wirtschaft Berlin
343263898381627;VG 218 Pool;0;NULL;NULL;0;FHTW Hauptgebäude;FHTW Treskowallee;Hochschule für Technik und Wirtschaft Berlin
343263903618628;HG 125 Pool;0;NULL;NULL;0;FHTW Hauptgebäude;FHTW Treskowallee;Hochschule für Technik und Wirtschaft Berlin
343302941509365;HG 040;40;NULL;Hörsaal;0;FHTW Hauptgebäude;FHTW Treskowallee;Hochschule für Technik und Wirtschaft Berlin
343333358135804;6B 251;45;NULL;Hörsaal;0;Haus 6B;Campus Lichtenberg;Hochschule für Wirtschaft und Recht Berlin (FB 3-5)
343333361136805;6B 252;45;NULL;Hörsaal;0;Haus 6B;Campus Lichtenberg;Hochschule für Wirtschaft und Recht Berlin (FB 3-5)
343723195009741;CF 237 Büro;0;NULL;Büro;1;Campus Friedrichshain;Campus Lichtenberg;Hochschule für Wirtschaft und Recht Berlin (FB 3-5)
343925375289573;HG 116;0;NULL;Hörsaal;0;FHTW Hauptgebäude;FHTW Treskowallee;Hochschule für Technik und Wirtschaft Berlin
343934382114837;13.044;0;NULL;NULL;0;Haus 1;Campus Lichtenberg;Hochschule für Wirtschaft und Recht Berlin (FB 3-5)
343944712777024;HG 015;0;NULL;Hörsaal;0;FHTW Hauptgebäude;FHTW Treskowallee;Hochschule für Technik und Wirtschaft Berlin
344314154645829;10.062;0;NULL;Büro;0;Haus 1;Campus Lichtenberg;Hochschule für Wirtschaft und Recht Berlin (FB 3-5)
344343388479684;HG 015;40;NULL;Hörsaal;0;FHTW Hauptgebäude;FHTW Treskowallee;Hochschule für Technik und Wirtschaft Berlin
344793104989201;HG 127;38;NULL;Hörsaal;0;FHTW Hauptgebäude;FHTW Treskowallee;Hochschule für Technik und Wirtschaft Berlin
345675704050096;HG 132;30;NULL;Hörsaal;0;FHTW Hauptgebäude;FHTW Treskowallee;Hochschule für Technik und Wirtschaft Berlin
346195013456733;Aula CF;100;NULL;Hörsaal;0;Campus Friedrichshain;Campus Lichtenberg;Hochschule für Wirtschaft und Recht Berlin (FB 3-5)
346382804004346;1.1070 Büro;0;NULL;Büro;0;Haus 1;Campus Lichtenberg;Hochschule für Wirtschaft und Recht Berlin (FB 3-5)
346382816732347;1.0064 Büro;0;NULL;NULL;0;Haus 1;Campus Lichtenberg;Hochschule für Wirtschaft und Recht Berlin (FB 3-5)
346894608306138;VG 721;0;NULL;Hörsaal;0;FHTW Hauptgebäude;FHTW Treskowallee;Hochschule für Technik und Wirtschaft Berlin
347293300989524;HG 027;40;NULL;Hörsaal;0;FHTW Hauptgebäude;FHTW Treskowallee;Hochschule für Technik und Wirtschaft Berlin
347295301739770;HG 028;40;NULL;Hörsaal;0;FHTW Hauptgebäude;FHTW Treskowallee;Hochschule für Technik und Wirtschaft Berlin
347455620046812;HG 212;0;NULL;Hörsaal;0;FHTW Hauptgebäude;FHTW Treskowallee;Hochschule für Technik und Wirtschaft Berlin
347704414876820;HTW HG 223;0;NULL;Hörsaal;0;FHTW Hauptgebäude;FHTW Treskowallee;Hochschule für Technik und Wirtschaft Berlin
347734894131196;1.2046 Büro;0;NULL;Büro;0;Haus 1;Campus Lichtenberg;Hochschule für Wirtschaft und Recht Berlin (FB 3-5)
347844721649596;6A 326;45;NULL;Hörsaal;0;Haus 6A;Campus Lichtenberg;Hochschule für Wirtschaft und Recht Berlin (FB 3-5)
347883689711050;VG 719;0;NULL;Hörsaal;0;FHTW Hauptgebäude;FHTW Treskowallee;Hochschule für Technik und Wirtschaft Berlin
349053844050182;CB-EG-09;20;NULL;Seminarraum FB 5;1;Campus Bitterfelder Str.;Campus Lichtenberg;Hochschule für Wirtschaft und Recht Berlin (FB 3-5)
349053865288183;CB-EG-28;20;NULL;Seminarraum FB 5;1;Campus Bitterfelder Str.;Campus Lichtenberg;Hochschule für Wirtschaft und Recht Berlin (FB 3-5)
349053871729184;CB-1-01;40;NULL;Seminarraum FB 5;1;Campus Bitterfelder Str.;Campus Lichtenberg;Hochschule für Wirtschaft und Recht Berlin (FB 3-5)
349053880377185;CB-1-05;40;NULL;Seminarraum FB 5;1;Campus Bitterfelder Str.;Campus Lichtenberg;Hochschule für Wirtschaft und Recht Berlin (FB 3-5)
349053887185186;CB-1-07;20;NULL;Seminarraum FB 5;1;Campus Bitterfelder Str.;Campus Lichtenberg;Hochschule für Wirtschaft und Recht Berlin (FB 3-5)
349053897324187;CB-1-36;40;NULL;Seminarraum FB 5;1;Campus Bitterfelder Str.;Campus Lichtenberg;Hochschule für Wirtschaft und Recht Berlin (FB 3-5)
349053905668188;CB-2-27;40;NULL;Seminarraum FB 4;1;Campus Bitterfelder Str.;Campus Lichtenberg;Hochschule für Wirtschaft und Recht Berlin (FB 3-5)
349053911394189;CB-2-01;40;NULL;Seminarraum FB 4;1;Campus Bitterfelder Str.;Campus Lichtenberg;Hochschule für Wirtschaft und Recht Berlin (FB 3-5)
349173148559302;Audimax HTW;0;NULL;Festsaal;0;FHTW Hauptgebäude;FHTW Treskowallee;Hochschule für Technik und Wirtschaft Berlin
349184848550353;6A 327;33;NULL;Hörsaal;0;Haus 6A;Campus Lichtenberg;Hochschule für Wirtschaft und Recht Berlin (FB 3-5)
349194045210915;VG 212;30;NULL;Hörsaal;0;FHTW Hauptgebäude;FHTW Treskowallee;Hochschule für Technik und Wirtschaft Berlin
349324828755982;HG 147;0;NULL;Hörsaal;0;FHTW Hauptgebäude;FHTW Treskowallee;Hochschule für Technik und Wirtschaft Berlin
349663808064470;1.2059 Büro FrB FB 3;0;NULL;Büro;0;Haus 1;Campus Lichtenberg;Hochschule für Wirtschaft und Recht Berlin (FB 3-5)
349762786702731;1.1053 Büro;0;NULL;Büro;0;Haus 1;Campus Lichtenberg;Hochschule für Wirtschaft und Recht Berlin (FB 3-5)
349843820693690;AG Magdeburg;0;NULL;NULL;0;exterm;Campus Lichtenberg;Hochschule für Wirtschaft und Recht Berlin (FB 3-5)
349843824087691;AG Halle (Saale);0;NULL;NULL;0;exterm;Campus Lichtenberg;Hochschule für Wirtschaft und Recht Berlin (FB 3-5)
350255030817973;Z 6B 350 a;0;NULL;NULL;0;Haus 6B;Campus Lichtenberg;Hochschule für Wirtschaft und Recht Berlin (FB 3-5)
351283012155711;HG 150;40;NULL;Hörsaal;0;FHTW Hauptgebäude;FHTW Treskowallee;Hochschule für Technik und Wirtschaft Berlin
351304838652042;CB-2-10;0;NULL;NULL;1;Campus Bitterfelder Str.;Campus Lichtenberg;Hochschule für Wirtschaft und Recht Berlin (FB 3-5)
351304847216043;CB-2-06;0;NULL;NULL;1;Campus Bitterfelder Str.;Campus Lichtenberg;Hochschule für Wirtschaft und Recht Berlin (FB 3-5)
351304853578044;CB-2-38;0;NULL;NULL;1;Campus Bitterfelder Str.;Campus Lichtenberg;Hochschule für Wirtschaft und Recht Berlin (FB 3-5)
351453951421385;E 4.06;0;NULL;Hörsaal;0;Gebäude E;Campus Schöneberg, Babelsberger Str.;Hochschule für Wirtschaft und Recht Berlin (FB 1)
351482753414640;1.2046 Büro;0;NULL;Büro;0;Haus 1;Campus Lichtenberg;Hochschule für Wirtschaft und Recht Berlin (FB 3-5)
351505687003024;1.2079 Büro;0;NULL;NULL;0;Haus 1;Campus Lichtenberg;Hochschule für Wirtschaft und Recht Berlin (FB 3-5)
351643211190509;1.2084 Büro;0;NULL;Büro;0;Haus 1;Campus Lichtenberg;Hochschule für Wirtschaft und Recht Berlin (FB 3-5)
351643468282510;1.1068 Büro;0;NULL;Büro;0;Haus 1;Campus Lichtenberg;Hochschule für Wirtschaft und Recht Berlin (FB 3-5)
351663317661480;HG 134;40;NULL;Hörsaal;0;FHTW Hauptgebäude;FHTW Treskowallee;Hochschule für Technik und Wirtschaft Berlin
351695111415467;VG 501;0;NULL;Sitzungsraum;0;FHTW Hauptgebäude;FHTW Treskowallee;Hochschule für Technik und Wirtschaft Berlin
351833715904125;VG 429;0;NULL;Hörsaal;0;FHTW Hauptgebäude;FHTW Treskowallee;Hochschule für Technik und Wirtschaft Berlin
351935537425703;Z 6B 468;32;NULL;Hörsaal;0;Haus 6B;Campus Lichtenberg;Hochschule für Wirtschaft und Recht Berlin (FB 3-5)
